cell_id,cx,cy,pop_density,road_density,dist_depot_m,commercial_idx,urban_idx,sc_density,demand_obs,demand_pred,gi_class,lisa_class,depot_suitability
5,60794.72116740297,2696637.3518870366,0.0025127548098140147,0.1705905401579378,29668.057365120505,1.4980529754338114e-06,0.05001846116527872,0.038444558851765676,3.289845442901167,5.629013833424013,Not Significant,LL,0.07668662887851398
6,60158.470552735824,2699422.4824365024,0.0022445955860969234,0.0,28266.537520655864,6.31276553917853e-07,0.0011224240483592453,0.03775608324150506,5.0198268461082245,4.380105689620133,Not Significant,LL,0.01990229587517815
7,60287.561754302355,2702245.7499150066,0.0030144112202485306,0.0,26444.41794885123,1.0544194975496593e-06,0.0015074164940237752,0.03896520006640347,5.7778969584480935,4.395815578992966,Not Significant,LL,0.025211913116122402
8,60675.17645655899,2705204.2771606455,0.004861785049554637,0.2193667160306028,24519.63252049475,4.9143736662386624e-06,0.06513589431419521,0.04036607889930234,8.603885863293423,5.496636845981163,Not Significant,LL,0.10902074414912422
9,61051.98452753947,2708080.3211751827,0.007653761838808505,0.20079130886094432,22867.46399432346,2.0244602102724437e-05,0.0612253343171408,0.04135892932763532,4.232793682008814,5.477834518585044,Not Significant,LL,0.10748617160900927
23,63794.81807349861,2690637.4081999524,0.006407125434409164,0.0,32387.488872414513,2.38934856591519e-05,0.0032083414143364124,0.041963198877259744,0.8141765374574063,4.293818794321346,Not Significant,LL,0.008606642669355591
24,63135.6091160985,2693438.2441140837,0.005532120204514595,0.08307522538705073,30506.043391850482,1.5104245147159852e-05,0.02651539305491787,0.0414142247048458,11.469812054309331,6.13899047832065,Not Significant,LL,0.04362020588904738
25,62979.80714730965,2696328.9278579606,0.005525877516940951,0.2210065284976152,28385.592856151,1.131631059748783e-05,0.06593794670100898,0.04162255351770178,3.0811816095865514,6.016064051151081,Not Significant,LL,0.09868290912755634
26,62979.80714730965,2699328.9278579606,0.006141506642598434,0.0,26224.503654574888,8.140165412732761e-06,0.003072381354381764,0.041882293150829655,3.386734355252113,3.77938945402341,Not Significant,LL,0.026148875841458624
27,62979.80714730965,2702328.9278579606,0.007683384952724033,0.0,24242.675224950992,1.0428288070148821e-05,0.0038437781339760464,0.042980624406346514,9.256492985039754,2.9209908548227292,Not Significant,LL,0.0319062706247566
28,62979.80714730965,2705328.9278579606,0.010543751181144192,0.0,22487.55238339855,3.2815919327544955e-05,0.005278438774437605,0.04409578995065541,0.4017320768996918,2.883842694665142,Not Significant,LL,0.037273086045492114
29,62979.80714730965,2708328.9278579606,0.014514905274227741,0.44351809118618574,21016.011094632937,9.99288908686928e-05,0.13405312837393987,0.04462727049662635,7.631147474810017,9.394044084526556,Not Significant,LL,0.20033091262585154
30,63025.1462584493,2711295.6591268643,0.018847245307697137,0.1650253760118225,19858.357590846455,0.00022951608463493567,0.05664055749347942,0.0445787556339475,7.339574234840864,5.925057486787203,Not Significant,LL,0.10481197125581801
31,63359.04564585115,2714240.335987623,0.023951703471155685,0.12133219544123913,18815.114270836864,0.00046531773720277856,0.04675064100501131,0.044372334564741954,2.5734921580176255,4.707412580881743,Not Significant,LL,0.0927602326098983
32,63745.723248852264,2717191.7106828988,0.027330215208129772,0.0,18146.782894470172,0.0006961458493159686,0.01380433677392808,0.04356629780717542,5.002472187807124,5.71697681702416,Not Significant,LL,0.05210152525672976
33,64116.89903842235,2720024.7654663497,0.027447017160956086,0.0,17951.6619138268,0.0007388562636212499,0.013871279833202292,0.042426289395161514,9.680016800556047,6.423823182542571,Not Significant,LL,0.05275958702465004
41,66794.91497445205,2684637.464533435,0.010577240183260023,0.0,34700.04547323825,8.872609202161016e-05,0.005306365310034334,0.04366581629893441,4.616059251482759,4.147852104093392,Not Significant,LL,0.0024817916112414035
42,66135.67504317561,2687438.2774102637,0.011358009962622357,0.21390730987205903,33525.524112114836,0.0001036682094114492,0.06684323498813761,0.04463569239547794,13.460129227884254,5.876650984302408,Not Significant,LL,0.0821488343208475
43,65979.80714730965,2690328.9278579606,0.012888780940678086,0.0,31485.168349191215,0.00013717013492378757,0.0064718244973238,0.04593812908293112,2.1182418264756016,3.95973402598094,Not Significant,LL,0.011942583425041082
44,65979.80714730965,2693328.9278579606,0.014118961909525116,0.0,28936.111281762678,0.00015439763028810767,0.007090360480820179,0.04684082864479531,7.082239510839727,5.637511106022293,Not Significant,LL,0.019585353471157897
45,65979.80714730965,2696328.9278579606,0.014801386822688698,0.0,26481.715319144158,0.00012936533713980633,0.007426566478772311,0.04693791196618424,9.835374835627418,6.206803747196399,Not Significant,LL,0.026757774845899293
46,65979.80714730965,2699328.9278579606,0.016058946701512034,0.0,24150.85829484814,8.85889833369811e-05,0.008047191147423412,0.04726169559556523,1.9605786793091464,3.2404153136973024,Not Significant,LL,0.033228488840329425
47,65979.80714730965,2702328.9278579606,0.019318209709541286,0.0,21982.872116979535,9.553291968092317e-05,0.009678211438706827,0.048299239684728414,10.092502223897792,5.405947560739391,Not Significant,LL,0.04008447348063534
48,65979.80714730965,2705328.9278579606,0.025479928683509425,0.006481138867974849,20030.710837239832,0.0002680283798650204,0.014646145748083723,0.04988490249183021,0.8312930151705846,3.6071513604689764,Not Significant,LL,0.04851865206380384
49,65979.80714730965,2708328.9278579606,0.0340695683696861,0.46489155893119805,18363.335393624937,0.0007911059351103033,0.15007811042322763,0.05070026694967639,11.988780606603335,10.730888917115376,Not Significant,LL,0.21808439543073632
50,65979.80714730965,2711328.9278579606,0.04292878136855326,0.7228875282486045,17064.430752662083,0.0017425049819224778,0.22844384310615742,0.05058850308877201,19.099841594788447,15.28289255407238,Not Significant,LL,0.31513374028983265
51,65979.80714730965,2714328.9278579606,0.0489072493147067,0.2482185100373282,16222.746593781227,0.0027444514545467025,0.09595356180709502,0.04949618645436062,10.727892701760002,9.122425113364905,Not Significant,LL,0.14892931431356723
52,65979.80714730965,2717328.9278579606,0.04941288940146272,0.05593201802895621,15911.009307384666,0.003061033847011521,0.04130631988166645,0.04752143349143928,4.873094754924373,6.105385540255655,Not Significant,LL,0.08121815560160088
53,65979.80714730965,2720328.9278579606,0.0438893429433473,0.06226937721355158,16159.917305274877,0.002405079584875312,0.040224833390631376,0.045854238138958475,7.3720454850422765,6.731274412342394,Not Significant,LL,0.08212834367694076
54,66384.93920441082,2722698.221571484,0.040159791369415165,0.9201254032356421,16353.64078423255,0.001981843786518551,0.28348590297040455,0.045634490876351734,28.802802665913177,15.479787348095925,Not Significant,LL,0.3869493764943628
60,69063.76744660322,2681799.395326506,0.013584208200147975,0.0,34945.47823356691,0.00017379737432811527,0.0068268635749396105,0.04453039874376014,3.822885621715856,4.362275199434595,Not Significant,LL,0.0021743751344573984
61,68979.80714730965,2684328.9278579606,0.01882158427890931,0.0,33250.97086963485,0.00038388840669866274,0.009487569820794389,0.04729481752221171,1.665081341242188,5.476897717993421,Not Significant,LL,0.007801708759994298
62,68979.80714730965,2687328.9278579606,0.02537305818085375,0.0,31309.365411937066,0.0007810079077910837,0.012842730671985091,0.050469406962993214,10.184096563233792,6.783284810783104,Not Significant,LL,0.014327582016875905
63,68979.80714730965,2690328.9278579606,0.030529265385294845,0.0,29545.315385405796,0.0011628142872330655,0.015497195550094035,0.05296187547036278,14.444867197764037,8.082078037160978,Not Significant,LL,0.020174139929561397
64,68979.80714730965,2693328.9278579606,0.03351420344315407,0.0,27401.42150618425,0.0012774543337278085,0.017012592588322595,0.054339223179416224,10.762983422918037,7.910472416497158,Not Significant,LL,0.026657217952965603
65,68979.80714730965,2696328.9278579606,0.03505292712398352,0.0,24795.57643397745,0.0010461273862227005,0.0177356890392363,0.054326573065792486,1.9722856249090903,4.481364906733163,Not Significant,LL,0.03388513102019961
66,68979.80714730965,2699328.9278579606,0.03742530197764749,0.0,22289.08523979526,0.0006890884179809462,0.018850468672419934,0.05398800891221298,9.09862765481137,6.764112362015431,Not Significant,LL,0.041598128399789464
67,68979.80714730965,2702328.9278579606,0.043491894765676685,0.0,19919.488722366845,0.0006374972111352252,0.02187344682506539,0.054729738721645,6.381306750488749,6.273926994010537,Not Significant,LL,0.04905593969261275
68,68979.80714730965,2705328.9278579606,0.055005525412286455,0.0,17741.723171500027,0.0015621138416670422,0.027815185474476634,0.057035795714060984,3.604960224664869,4.0707439705654656,Not Significant,LL,0.05647211499094533
69,68979.80714730965,2708328.9278579606,0.0709950764228774,0.28876786335215254,15835.133445215484,0.004425659085472781,0.11892438781155569,0.058344647151580845,4.206406803028744,6.919716233004646,Not Significant,LL,0.1669529732411693
70,68979.80714730965,2711328.9278579606,0.08726783053385537,1.0495342395632126,14308.534563728845,0.009557983491474869,0.34554551196522265,0.05835151631481623,26.00030155987678,21.361820628945548,Not Significant,LL,0.445571835327924
71,68979.80714730965,2714328.9278579606,0.09781634576797689,0.7287427480927664,13293.489816262096,0.014864976373442832,0.2601857819450884,0.05689605095924754,13.162189651222526,16.3216757541673,Not Significant,LL,0.33543682088038107
72,68979.80714730965,2717328.9278579606,0.09779308357265373,0.3843923421434044,12911.219215422883,0.01644224947840926,0.16206011370853107,0.054777578846469374,8.908252118149527,16.9370599381735,Not Significant,LL,0.21432132547150476
73,68979.80714730965,2720328.9278579606,0.08628008096801205,0.180863122327105,13216.742857540436,0.012849111317119707,0.09740797287360611,0.0528095761237547,7.743805396060299,8.708194959921165,Not Significant,LL,0.13858300750702168
74,68996.622220506,2723311.584133214,0.06717358803415704,0.34913353670702585,14143.167014384335,0.007154151636085123,0.134814331363304,0.050787853254028126,5.321096559645547,8.915451634599819,Not Significant,LL,0.1931478091243979
75,69660.54828573049,2725460.183666225,0.058750732261785676,0.0,14592.674510117991,0.005173016466727531,0.030409969424238344,0.05019890304457083,14.347561074715575,3.2956170145015156,Not Significant,LL,0.06602268847587837
80,71989.73242951618,2681719.431683028,0.027105445416892256,0.0,33020.95724437294,0.001010362646315583,0.013754795237709245,0.04941054461512753,3.9478426066798837,7.140370309440763,Not Significant,LL,0.00969354368111935
81,71979.80714730965,2684328.9278579606,0.03881340647787141,0.0,31098.87297620979,0.0023916850247302527,0.019885040243881755,0.053650920272107105,5.8344853964812255,7.462497892134232,Not Significant,LL,0.016721952398016573
82,71979.80714730965,2687328.9278579606,0.05243952067666993,0.0,29013.603690602224,0.004778354893668527,0.02717543131706867,0.05842672859443754,6.016516161997268,6.120515747420239,Not Significant,LL,0.02430292260716858
83,71979.80714730965,2690328.9278579606,0.06338662797450102,0.0,27100.525785309448,0.006961914029948858,0.033085696793240284,0.06237595053473717,9.722164752964778,7.141221995594599,Not Significant,LL,0.031334540711793514
84,71979.80714730965,2693328.9278579606,0.07005128841329486,0.0,25398.5786327723,0.007477320948525951,0.03652110839635262,0.06462049883262887,7.12943687624172,6.52890551695173,Not Significant,LL,0.036967645755268654
85,71979.80714730965,2696328.9278579606,0.07363218692326746,0.0,23374.344378874917,0.006002914455128502,0.038016676352659436,0.06455365123985603,2.9648816033350958,4.348978429723997,Not Significant,LL,0.04286643846487503
86,71979.80714730965,2699328.9278579606,0.07809899086350794,0.0,20696.44136744002,0.0038529439414123133,0.03982008422003643,0.06248315461111896,4.476747412802,4.401491505413847,Not Significant,LL,0.050974100740066856
87,71979.80714730965,2702328.9278579606,0.0883126072564898,0.2046662868686811,18119.751527256754,0.0031438100378871968,0.10328709800987551,0.06240709648001183,6.228777382808312,5.9793672401702995,Not Significant,LL,0.13246349425097245
88,71979.80714730965,2705328.9278579606,0.10707908914474842,0.0,15694.206113823171,0.006572008406065173,0.05485394625358725,0.06580746164864634,5.996879108827667,5.91325350391215,Not Significant,LL,0.06912139224408473
89,71979.80714730965,2708328.9278579606,0.13257844750187425,0.0,13501.51160710554,0.01758434394136983,0.06980609253921109,0.06800181095901944,9.314250835456297,9.285184658899073,Not Significant,LL,0.0794285971776216
90,71979.80714730965,2711328.9278579606,0.15778002283554066,0.5996704989082108,11673.625221431716,0.0369865822847587,0.25769779062182896,0.068389882221709,8.05565535772363,14.896678172910775,Not Significant,LL,0.3024050943405258
91,71979.80714730965,2714328.9278579606,0.17291274691190836,0.38234067193549215,10404.625699374661,0.056582317424391466,0.20706150734036471,0.0671495493952446,12.513136526053394,20.183215728610904,Not Significant,NS,0.23222990599570092
92,71979.80714730965,2717328.9278579606,0.1703247995236135,0.3394055352010259,9911.556188496774,0.06191052532102387,0.1945605493932504,0.06493296606693061,14.164184465278918,19.172297192605228,Not Significant,NS,0.21821017402333548
93,71979.80714730965,2720328.9278579606,0.1488834543177242,0.3627379631205082,10306.389096641447,0.04803974800314286,0.18773508771039107,0.062035019321383056,14.047435798239901,19.381369566113932,Not Significant,NS,0.22211521950145588
94,71979.80714730965,2723328.9278579606,0.11470613188991749,0.2250373068359149,11498.015756860432,0.026286883270690262,0.1269353493109262,0.05861193067618923,9.406939558409888,14.47497676176086,Not Significant,LL,0.16398634412234012
95,72078.65414724073,2726219.4532025163,0.08014643934350499,0.04454639528272035,13126.92812948638,0.010927600171082385,0.05499192942103515,0.05468596632205869,9.805149561237872,8.794350762558116,Not Significant,LL,0.08957471031619164
96,72958.3721645022,2728230.7042402085,0.06566067208924929,0.0,13962.562170416373,0.006507419578277296,0.034131819960280106,0.053387941143921064,4.261222040756877,3.6679609131034265,Not Significant,LL,0.06877448036983796
100,74989.35343126698,2681675.394781363,0.04845072085812993,0.0,31179.70461353222,0.004389902761013486,0.025103340981267663,0.0551017581272512,2.5608475148421785,6.81873888901154,Not Significant,LL,0.017683132971810133
101,74979.80714730965,2684328.9278579606,0.069993793328683,0.0,29097.29776126226,0.0104703925186045,0.037090975168062396,0.06134774667274294,16.655279807912876,10.331434777474156,Not Significant,LL,0.026970735150140784
102,74979.80714730965,2687328.9278579606,0.09494531383820802,0.025299222697114956,26857.06677454656,0.020592707957833474,0.058822755636708954,0.06882177357259874,7.25942077159571,9.592632901955684,Not Significant,LL,0.045808331928297336
103,74979.80714730965,2690328.9278579606,0.11565723820085666,0.33480597046356364,24778.04137653637,0.029438233501351985,0.1594175658181905,0.07551881751640142,9.627680042202119,9.883656690536181,Not Significant,LL,0.16471451304140072
104,74979.80714730965,2693328.9278579606,0.1293474032427663,0.020045288749547027,22904.16191835544,0.03101365214537753,0.07660619902534725,0.0795162121076841,7.120670861563481,8.094536868961455,Not Significant,LL,0.05976418044416115
105,74979.80714730965,2696328.9278579606,0.13772235193076748,0.0,21289.66725684408,0.024571470424702396,0.07377547005032423,0.07927835689422831,11.423869175010395,8.391522996881033,Not Significant,LL,0.0580014081671886
106,74979.80714730965,2699328.9278579606,0.1466264404759995,0.0,19439.18850479377,0.015686697029386642,0.07645055964387708,0.07504545686064326,9.071886674657073,8.087035550766167,Not Significant,LL,0.06391106485211384
107,74979.80714730965,2702328.9278579606,0.16287071282713214,0.042021526715808985,16669.2759248429,0.011810370978147786,0.0958089091675218,0.0721568239374792,6.922686176320642,7.384696937536376,Not Significant,LL,0.08847168665573575
108,74979.80714730965,2705328.9278579606,0.18989147012897625,0.07412849543240554,13994.551439477731,0.020531289245453825,0.12024096206905566,0.07617809366458587,4.264751947302484,6.876230559670062,Not Significant,LL,0.11118213736652888
109,74979.80714730965,2708328.9278579606,0.22448274100349455,0.0,11481.732453154847,0.05021126404089051,0.12228362330992537,0.07995947586550375,12.127035421145035,11.683186046265766,Not Significant,NS,0.09824776270551927
110,74979.80714730965,2711328.9278579606,0.25652417268299854,0.8722804748975246,9263.524721156104,0.10149880311334696,0.3978954395282028,0.08166174796873264,15.853871197456897,61.31447366147702,Not Significant,NS,0.42678324620068353
111,74979.80714730965,2714328.9278579606,0.2726984717834112,0.6695760514004286,7602.341770343615,0.15177108897860336,0.35809579502135586,0.08318386657809075,130.9690941942923,201.1884464802262,Not Significant,NS,0.3804307485757828
112,74979.80714730965,2717328.9278579606,0.2631108418302978,0.2266141436362142,6912.185654823828,0.16367769046295358,0.22906659045274846,0.07935845844246905,293.60834891591304,348.1218787116258,Not Significant,NS,0.24176728240992157
113,74979.80714730965,2720328.9278579606,0.22706419208171386,0.41523627102879895,7467.330223071252,0.12583055104295313,0.25738979020432895,0.07458923133576652,167.65364548523573,241.56916136028235,Not Significant,NS,0.28840279944451586
114,74979.80714730965,2723328.9278579606,0.17379764151543303,0.4530167756555154,9041.223965483565,0.06845217815140966,0.2300800605691127,0.0685696390925757,14.000416242668386,30.52043683679392,Not Significant,NS,0.2631490656793129
115,74979.80714730965,2726328.9278579606,0.11743109950356932,0.33633579471569547,11212.780249682743,0.026226155125315793,0.1600993674100012,0.06183561221560687,8.098639471475401,13.191489629245442,Not Significant,LL,0.20452632363576143
116,75198.67668024758,2729056.1689485186,0.07558796344612029,0.3880396328833517,13354.883258265414,0.00853076693275621,0.1504178026584595,0.056408690409961666,13.94485702520785,13.550300983051464,Not Significant,LL,0.2108645025039368
120,77989.00231263025,2681631.3574704034,0.07590972062314844,0.0,29529.01666665813,0.013372517137131956,0.04062936373900061,0.061158403767865174,3.8517165088177845,9.670458104577184,Not Significant,LL,0.02651742853508266
121,77979.80714730965,2684328.9278579606,0.11073605899620936,0.0,27279.398336926046,0.03218390070124648,0.061804809638353976,0.07034752243988292,7.305127403069163,9.416972267356599,Not Significant,LL,0.03807237937343325
122,77979.80714730965,2687328.9278579606,0.15111258015492193,0.0,24875.98987677835,0.06247274618793373,0.08805083931504772,0.08242430397412878,16.8515771493127,16.614729212895647,Not Significant,NS,0.05217947048791423
123,77979.80714730965,2690328.9278579606,0.1861620078374783,0.0,22615.57364018154,0.08793436547753232,0.11066787701424562,0.0947225612984559,103.12440736245556,102.43146175970509,Not Significant,NS,0.0742748270362837
124,77979.80714730965,2693328.9278579606,0.21187759537013448,0.0,20545.4002102507,0.09139587399018761,0.12421797248310476,0.10278430699425951,107.59709174761818,102.11552469135432,Not Significant,NS,0.08345532456835912
125,77979.80714730965,2696328.9278579606,0.23035972117087203,0.0,18728.66168534914,0.07240451110543138,0.12966076280652228,0.10193988582113785,8.530069449843179,19.095495294242667,Not Significant,NS,0.08017808616660932
126,77979.80714730965,2699328.9278579606,0.24869235372219808,0.0,17245.639079174776,0.04766513085560554,0.13387920303222015,0.09320525193203659,10.492071499130208,10.290848251629122,Not Significant,NS,0.08440809530480742
127,77979.80714730965,2702328.9278579606,0.274253554327855,0.2271517490561277,15665.379800935909,0.03573463927348439,0.2092030061772017,0.08620292517716976,10.564626515208234,10.956920973002694,Not Significant,LL,0.17224791633481126
128,77979.80714730965,2705328.9278579606,0.30947011554703374,0.3356520012443749,12782.285963051047,0.05101854199327581,0.26088189654133387,0.0871926709467712,17.379358945295586,15.1724045634607,Not Significant,NS,0.22457176000918636
129,77979.80714730965,2708328.9278579606,0.34893132026110685,0.5982980123861544,9968.427387248845,0.10653028132563952,0.36678986611373615,0.09433972733634621,22.121405804568997,31.474643495186186,Not Significant,NS,0.33536739146314054
130,77979.80714730965,2711328.9278579606,0.3802530828291502,0.2276194907413902,7304.262776522616,0.2001757734268448,0.29522469704676,0.10338668265646872,205.2070799986433,256.65506405074444,Not Significant,NS,0.24621844675995885
131,77979.80714730965,2714328.9278579606,0.38880828643544657,0.6278435664722378,5033.385028202681,0.28852213387527975,0.43157205278497357,0.1080330716767788,594.0433250597779,570.5023201770153,Not Significant,HH,0.43730497975468885
132,77979.80714730965,2717328.9278579606,0.36488834334353915,0.16934652844100057,3913.7801389163305,0.30472932943491915,0.29179623205646066,0.10097217998305535,791.8333774240015,899.6358620587384,Not Significant,HH,0.3143230734986313
133,77979.80714730965,2720328.9278579606,0.309588626234371,0.33633579471569547,4827.047245409657,0.2313683909426654,0.2972065779388719,0.0916359445832431,463.03562154153246,607.2195810258341,Not Significant,HH,0.32624259451302806
134,77979.80714730965,2723328.9278579606,0.23515272167490098,0.04933747927521814,7020.191966254056,0.12498772668357153,0.1566765845095808,0.08058829271090773,134.24051565186429,285.8466274798687,Not Significant,NS,0.16583807687964716
135,77979.80714730965,2726328.9278579606,0.1589686154109308,0.0,9657.422294623913,0.047774567111542855,0.08903922112777397,0.0702319793368924,39.97341185923649,19.520824363530604,Not Significant,NS,0.09631220304220647
136,77979.80714730965,2729328.9278579606,0.09537300734411505,0.0,12459.876223716672,0.012903169032952992,0.050267137478648125,0.061331876731708736,19.053473920400137,13.559226133920854,Not Significant,LL,0.07816425679930586
137,78325.29659406592,2731798.3670862033,0.05909365043089663,0.0,14737.481836509822,0.0035734264713325873,0.03026151050971483,0.05560385446802697,2.513550742303618,3.374594608065466,Not Significant,LL,0.06558154204080831
140,80988.67610644829,2681587.319793708,0.10485307162818835,0.0,28102.503948467645,0.028550809101314495,0.058136697634357075,0.06682720459577773,13.32408405216978,11.016701899122463,Not Significant,NS,0.035014149417823465
141,80979.80714730964,2684328.9278579606,0.15457085639848273,0.4545393931225027,25684.205462536887,0.06943486337991651,0.2210984316767551,0.07985506311418146,140.5769011274831,55.317923751845576,Not Significant,NS,0.21670236747967622
142,80979.80714730964,2687328.9278579606,0.21259949989442256,0.1560003966738075,23115.529606018226,0.1333935538549804,0.17756978250454486,0.09936495737752882,157.14366714529694,201.86909363403288,Not Significant,NS,0.14543496802105052
143,80979.80714730964,2690328.9278579606,0.26581457267876557,0.25991528574363015,20663.421974387507,0.18573555952113774,0.24434886409690154,0.12363388075114246,348.9095031216313,589.7509424852265,Not Significant,NS,0.24417049030263455
144,80979.80714730964,2693328.9278579606,0.3095563147060413,0.0,18374.610374549327,0.19229715269974237,0.19323758789296913,0.1429366034599297,256.962742354959,487.16036116033484,Not Significant,NS,0.1518924565451355
145,80979.80714730964,2696328.9278579606,0.34610991669115154,0.0,16317.95346057192,0.15606275902471045,0.20426751015051786,0.13951422607177316,25.348675290038805,81.49115984283323,Not Significant,NS,0.11257681340325038
146,80979.80714730964,2699328.9278579606,0.38213701966002206,0.0,14591.946541372965,0.11245549396806537,0.2135596086236241,0.11878585246043101,12.135410833507681,29.541851390880232,Not Significant,NS,0.11364298786270643
147,80979.80714730964,2702328.9278579606,0.422557670341615,0.0,13325.697077120649,0.09329907911370523,0.22993865099354854,0.1028089896062097,22.812293203993384,25.874632448281645,Not Significant,NS,0.12081508093843674
148,80979.80714730964,2705328.9278579606,0.465714379942084,0.2330808119520842,12203.53223006501,0.11396610671765174,0.3222744822117027,0.09913788069226447,17.01909615204716,35.36427973620477,Not Significant,NS,0.2142155679371115
149,80979.80714730964,2708328.9278579606,0.5028550435783113,0.3170855331942804,9214.603031269253,0.1836485775127539,0.37879330839108555,0.11195948497775962,60.46865861663531,84.66276858475172,Not Significant,NS,0.26633819973842915
150,80979.80714730964,2711328.9278579606,0.5213263063256579,0.0,6236.314549276482,0.2954388219940492,0.3197509175616388,0.1334734930577787,523.8396145769799,341.10082726809867,Not Significant,NS,0.2001407035403031
151,80979.80714730964,2714328.9278579606,0.5095263465307678,0.2654200392383687,3297.6247953881216,0.39515189657512184,0.40966150311496996,0.14514498944801163,1552.798682835955,1499.5851209860305,Not Significant,HH,0.44301240240041584
152,80979.80714730964,2717328.9278579606,0.4621896808719022,0.34958146993282346,925.7642382375635,0.40256638657079813,0.4115328624859213,0.13402557916450536,1803.926101243068,1516.7629587641777,Not Significant,HH,0.47633895005181526
153,80979.80714730964,2720328.9278579606,0.3841061980958159,0.04675010827882427,2973.17163285953,0.30038049663472616,0.2654922997916151,0.11133712101534049,978.190315937126,1017.8665092500286,Not Significant,HH,0.28953268159693335
154,80979.80714730964,2723328.9278579606,0.28955452874560134,0.0,5901.055811639272,0.1614135464443703,0.17705997366167472,0.09300640841150275,349.49753588307976,376.3236750099658,Not Significant,NS,0.17057197707361077
155,80979.80714730964,2726328.9278579606,0.19665633338874822,0.0,8877.227597945355,0.062218939676080845,0.11077195462959027,0.07847062104403053,52.9224198375607,14.341362913573036,Not Significant,NS,0.10321629160209464
156,80979.80714730964,2729328.9278579606,0.11988073211337329,0.0,11865.406860254043,0.01736262519388019,0.06341289109546268,0.06692608706097518,4.589322489501838,10.246739289348318,Not Significant,LL,0.08266990046253629
157,80982.8388651726,2732325.859927766,0.0655694904440886,0.0,14855.103256008084,0.0036182660596197447,0.033508398433968245,0.057751683179992165,3.2744391999187146,3.430514358687801,Not Significant,LL,0.066040815590133
158,81554.01992204563,2734542.265962157,0.04109721795600747,0.8479019195701184,17047.099305193493,0.0010786931968392447,0.26312954761017754,0.052669997709278576,13.23183172536363,14.811806573025724,Not Significant,LL,0.35929343774198624
160,83988.37225218752,2681543.2817888684,0.12902026136797282,0.3044832067060909,26935.816007872545,0.042808632554558836,0.16010566568678936,0.07218886336312376,12.941514542299105,14.651472182482221,Not Significant,NS,0.15060235396870258
161,83979.80714730964,2684328.9278579606,0.19221335896565622,0.044079669449234415,24355.517790819715,0.10531729745173574,0.12976991927217127,0.0874732795552903,211.30697861080313,181.4253094782488,Not Significant,NS,0.09586277757445977
162,83979.80714730964,2687328.9278579606,0.2667745355660246,0.4880438479581036,21629.62194731639,0.20081305994284335,0.31305286011109257,0.1162235054252227,824.3885531779746,693.3973810284941,Not Significant,NS,0.3355484508502339
163,83979.80714730964,2690328.9278579606,0.33942068810799947,0.27637987471741715,18986.570103858314,0.2783261660932868,0.3043762990115988,0.16360918500269941,1026.494760929059,770.3943878283948,Not Significant,NS,0.28958858673327453
164,83979.80714730964,2693328.9278579606,0.4060757347751478,0.0,16466.303259493965,0.2916110889761569,0.2613600851828053,0.21161683180329155,982.5141952407332,716.8396504150572,Not Significant,NS,0.2010222129154622
165,83979.80714730964,2696328.9278579606,0.46909306345612484,0.0,14134.65393133192,0.2526570073969622,0.28507793320745484,0.19713605469722573,544.8877463336672,468.9175996767093,Not Significant,NS,0.18419697811982744
166,83979.80714730964,2699328.9278579606,0.5324946857661702,0.0,12101.146246674827,0.21583589661232847,0.30941452220555077,0.14931771819346135,80.4446194207423,78.95472476692555,Not Significant,NS,0.14990355378753606
167,83979.80714730964,2702328.9278579606,0.5948370972263762,0.0,10539.783641437218,0.21637701517492758,0.3406939516481736,0.12036240681470788,41.9762290831044,90.78822062652735,Not Significant,NS,0.1633717406931813
168,83979.80714730964,2705328.9278579606,0.6466232511821556,0.0,9681.752833717816,0.24976723414603258,0.3732650724202843,0.11705806456140667,215.17183163611438,153.4075566568312,Not Significant,NS,0.18113563837459912
169,83979.80714730964,2708328.9278579606,0.6745385610163448,0.09966329483864053,9404.694225380217,0.3013437208448978,0.42602588845950484,0.12741112409081576,96.0882647720704,144.8168275531223,Not Significant,NS,0.22222753184355515
170,83979.80714730964,2711328.9278579606,0.6681770656469445,0.0,6513.906938738152,0.36441829273287013,0.40697219137004625,0.16036682811815434,701.7948489126485,406.91082685866854,Not Significant,NS,0.22831595001323426
171,83979.80714730964,2714328.9278579606,0.62403398373135,0.0,3796.537072146416,0.4110355085168818,0.39422409356905136,0.17130731033244315,1613.1250779738803,1538.1631682557331,Not Significant,HH,0.36651767683521286
172,83979.80714730964,2717328.9278579606,0.5459612489321913,0.0,2096.7603281784754,0.38749907725065597,0.35048043991622685,0.14208997456228825,1597.9952209526805,1625.1396026234784,Not Significant,HH,0.37101452635324644
173,83979.80714730964,2720328.9278579606,0.44414975989631805,0.21981696170303894,3518.39651083617,0.2821392193646385,0.34133544144481687,0.12274350953845307,952.3482288817448,964.1434759723192,Not Significant,NS,0.34953709119657045
174,83979.80714730964,2723328.9278579606,0.33328349462986007,0.34922494821325817,6193.692286601358,0.15387016878018445,0.29723861725359474,0.10204517491153119,281.7219346895863,215.29154650526107,Not Significant,NS,0.27976359921737726
175,83979.80714730964,2726328.9278579606,0.22899643945872397,0.0,9074.38892018334,0.06344202478882727,0.12718662468712744,0.08494492857688955,11.637670195877348,13.257202851123473,Not Significant,NS,0.10651423285533136
176,83979.80714730964,2729328.9278579606,0.1432629374463289,0.22839267405040012,12013.627445879418,0.02066734590464639,0.14104894640260185,0.0713710689831442,11.09311168434612,10.84064285662276,Not Significant,LL,0.16647175754773463
177,83979.80714730964,2732328.9278579606,0.08129702697972142,0.3926982901183811,14976.980821982388,0.005643644572986764,0.15402654556634768,0.0607464087656579,11.0521144749658,11.634134369463556,Not Significant,LL,0.20820539192360707
178,84043.3430918325,2735260.582922183,0.042649768818372076,0.009954084684760263,17892.16859855241,0.0013955268750846569,0.02444927609584428,0.052650064383080696,13.194228191227957,9.082980553426175,Not Significant,LL,0.0586603026883926
179,84815.7603149708,2737259.519354495,0.027862613292152057,0.3799777278908865,19976.4714067484,0.000643610670210826,0.12267327270316243,0.04881225989850954,10.93850318897038,10.545184002918312,Not Significant,LL,0.18251285228929098
180,86988.0885285907,2681499.243488494,0.14387404164665643,0.0,26063.875819697278,0.0457451822596353,0.08108605727525528,0.07674032270509724,14.830162124475702,15.2561528136343,Not Significant,NS,0.04692684887608298
181,86979.80714730964,2684328.9278579606,0.21628405994889227,0.0,23338.896363711403,0.1137305008056629,0.1308881301355787,0.0928202102002292,239.9466843481699,202.41449716289281,Not Significant,NS,0.08892138423863914
182,86979.80714730964,2687328.9278579606,0.30266206557124437,0.7644237226755316,20478.11959631442,0.21553917759290173,0.4129425703826589,0.12109051024345165,1292.1131135160733,679.9985607289649,Not Significant,NS,0.4405441671758392
183,86979.80714730964,2690328.9278579606,0.39191240557000906,0.0,17663.597621261986,0.2995483696294616,0.25586587671089683,0.1801372110678208,1581.4218049268225,691.1634178032555,Not Significant,NS,0.19322986409654508
184,86979.80714730964,2693328.9278579606,0.4820105805470023,0.053935653818466066,14921.527390007612,0.32534026893447054,0.32149036957094346,0.22161964115039248,1096.0169623995914,633.4398616424204,Not Significant,NS,0.225632451320523
185,86979.80714730964,2696328.9278579606,0.5755634563606552,0.5975423777966858,12300.458462010378,0.3194393919191166,0.5224717648754509,0.21305476659279876,552.6385832540118,353.49736875136716,Not Significant,NS,0.40433060742124544
186,86979.80714730964,2699328.9278579606,0.6723345076218965,0.0,9896.998388427577,0.34668647768091104,0.4055045493471305,0.16996887767459398,174.59575699014712,224.78186439558579,Not Significant,NS,0.1967810023892047
187,86979.80714730964,2702328.9278579606,0.7616326297288494,0.2774624371571652,7912.008330723205,0.42685650738894365,0.5454977788975496,0.14942172324268585,441.87095482960115,353.7163886986127,Not Significant,HH,0.33101965487861607
188,86979.80714730964,2705328.9278579606,0.8235054203177541,0.3579557594774942,6726.750668066176,0.5031864833820023,0.6147084675345107,0.14067790748443457,681.1447658137374,503.63123482518114,Not Significant,HH,0.39193835434430246
189,86979.80714730964,2708328.9278579606,0.8394038687116863,0.337418554423615,6774.841199262466,0.5086034516141884,0.6178707085155758,0.13970372593414293,943.691510290427,464.8997193672769,Not Significant,HH,0.38212746708736683
190,86979.80714730964,2711328.9278579606,0.8030477463555752,0.0,7998.146538765377,0.449303776541762,0.49138462848614,0.15147030397469888,360.3126390069157,348.82715175055563,Not Significant,NS,0.23773199903019154
191,86979.80714730964,2714328.9278579606,0.7223602153556841,0.19810714220807626,5996.086906408679,0.37528782609489497,0.49286483228054623,0.15011061673914403,230.3472544907719,348.3694393060059,Not Significant,NS,0.30039403874718545
192,86979.80714730964,2717328.9278579606,0.6129572007165188,0.0,5092.71718465169,0.30018514599358126,0.3665156295569757,0.13221646793270642,459.7099119097306,614.7255139877403,Not Significant,HH,0.24707746594759003
193,86979.80714730964,2720328.9278579606,0.4908032203661359,0.0,5823.957284912696,0.21440568215341035,0.28828274661375003,0.12189544463186203,188.8434489776844,193.90501455138545,Not Significant,NS,0.17629748396589368
194,86979.80714730964,2723328.9278579606,0.36918976030671186,0.06205896219903107,7739.585815153721,0.13067045723887924,0.2284679723482227,0.10524537904639951,62.92397409740792,99.82749818627863,Not Significant,NS,0.16291064655938092
195,86979.80714730964,2726328.9278579606,0.2587880755341757,0.09017386332908275,10192.345104232378,0.0687794727334654,0.16892532674968155,0.08840798919448915,20.402051758972377,18.468090194589532,Not Significant,NS,0.13985144785468862
196,86979.80714730964,2729328.9278579606,0.16746965772640895,0.1086753463734316,12878.9211061102,0.03155772645065581,0.12111025247482593,0.07395125410654688,5.980429095385318,8.051122981389486,Not Significant,LL,0.12459951889698678
197,86979.80714730964,2732328.9278579606,0.09917319874876596,0.0,15679.582870441796,0.012077308522763367,0.05200206107893565,0.06369491460432564,7.556992182365738,9.234732434551955,Not Significant,LL,0.06886203972548069
198,86979.80714730964,2735328.9278579606,0.05332965532448838,0.0,18542.70824676624,0.003592142273699899,0.027383256116984167,0.05521055799045089,3.95220951580051,4.310116544775281,Not Significant,LL,0.054103275312616474
199,86752.304533265,2737203.0939905676,0.03369003875197694,0.3446378676645763,20295.684620411914,0.001338074424265187,0.11562429438771983,0.050571607698290284,9.02710029519283,9.284136457173206,Not Significant,LL,0.16963548625524905
200,89987.8229992847,2681455.204921012,0.14903172841308024,0.0,25516.924171515555,0.037799312892377056,0.08207572678501553,0.07823565416510729,4.540199943790894,8.046407170336542,Not Significant,NS,0.047881592256593844
201,89979.80714730964,2684328.9278579606,0.2251374381885945,0.36150362633059946,22676.35156045141,0.09381210594637603,0.23466372707398933,0.09460194205618179,163.13096108159658,112.06691195808472,Not Significant,NS,0.2087118978597626
202,89979.80714730964,2687328.9278579606,0.31626973576646566,0.23656545736069723,19719.691144084445,0.17515802297088015,0.2607865981797821,0.11572633701343506,723.0143353781831,600.8990015490617,Not Significant,NS,0.24550827471517042
203,89979.80714730964,2690328.9278579606,0.4149205855746356,0.31208990242311324,16778.42416745321,0.2440247882029373,0.3454733650349132,0.14202082528211274,873.8434038156444,590.4953782639572,Not Significant,NS,0.2948708243537126
204,89979.80714730964,2693328.9278579606,0.5220482821140141,0.0,13862.352479571178,0.2813034294966682,0.3172848269563407,0.1706276430360303,438.47399604255435,388.5134172699087,Not Significant,NS,0.18331479382129975
205,89979.80714730964,2696328.9278579606,0.6410281987420231,0.17756809784454652,10991.547433949805,0.33074165702911484,0.43741868754796537,0.17856253436233063,92.05203550085277,214.80087541928057,Not Significant,NS,0.250984755920776
206,89979.80714730964,2699328.9278579606,0.7675090074551386,0.16320448899371495,8213.611490548104,0.4613434422885916,0.5226737394971036,0.1822678388988477,432.75096488517227,336.3077494631436,Not Significant,HH,0.28989408278681994
207,89979.80714730964,2702328.9278579606,0.8817244989611612,0.687474224349678,5666.807958856486,0.6674237400695004,0.7708553719051486,0.18781993307170586,1304.4471150899853,1021.4890489819544,Not Significant,HH,0.5882418864667374
208,89979.80714730964,2705328.9278579606,0.9537686409321128,0.15936082864357048,3842.1362765334798,0.8200555764957086,0.6864473070533302,0.18163198229785,2968.155443048457,3296.9345319603967,Hot Spot (99%),HH,0.6905653074571518
209,89979.80714730964,2708328.9278579606,0.960523226968258,0.407134561963424,3925.7241233115064,0.7815739845422237,0.7529521930824826,0.15199968979996167,2723.7707716796353,3081.21561820246,Hot Spot (99%),HH,0.7518542981666628
210,89979.80714730964,2711328.9278579606,0.9001228588532649,0.06746417655704413,5836.146726843426,0.5800723706631671,0.585359936613334,0.1367119529555598,996.7759003085883,472.33348931050125,Hot Spot (95%),HH,0.3006242407357414
211,89979.80714730964,2714328.9278579606,0.7913577345330134,0.36929405833352325,8408.918321766516,0.37076241795975634,0.5753907631422954,0.1245973704212033,53.066140435682826,157.8589805970082,Not Significant,NS,0.3399958441746929
212,89979.80714730964,2717328.9278579606,0.6601795163451971,0.0,8091.670579791924,0.2458396841158407,0.37925769499576667,0.11657578471716316,51.11802417660892,121.63190814120965,Not Significant,NS,0.18339195610805245
213,89979.80714730964,2720328.9278579606,0.5265299039630412,0.0,8570.75509541086,0.18676810288873236,0.3006185725592671,0.11397515783058239,88.25539700833032,95.79602580824417,Not Significant,NS,0.15985581018709233
214,89979.80714730964,2723328.9278579606,0.40087242406442364,0.0,9971.988419525578,0.14753926231566758,0.22994406449534532,0.1071247391845318,129.666285362294,109.9308752904219,Not Significant,NS,0.14033473885105663
215,89979.80714730964,2726328.9278579606,0.2883630880785217,0.09362172128988336,11975.945189119448,0.10498370331197539,0.191939218579005,0.0949061501742658,224.8616520078892,54.00861705288517,Not Significant,NS,0.14552222680693105
216,89979.80714730964,2729328.9278579606,0.19312706806201174,0.0,14331.99125405937,0.06047537386258327,0.10865860880352253,0.08034866413363694,48.39811980237052,12.551105179098398,Not Significant,NS,0.08688191281719221
217,89979.80714730964,2732328.9278579606,0.11868715060660112,0.0,16606.412752257125,0.026309990417119,0.06460557338672436,0.06769058242307262,5.456235175031482,9.262760171142766,Not Significant,NS,0.06927681297868525
218,89960.70973721129,2735304.3398054536,0.06638999051546243,0.0,19008.890195957963,0.008360387903828485,0.03486707283849691,0.05777215492937657,1.7330453744125545,8.313063776038712,Not Significant,LL,0.055060904771452986
220,92987.5739685279,2681411.1661113184,0.14738514476405823,0.0,25316.040399797104,0.032576671276528225,0.08020790663733476,0.07670028667387321,8.326086451514144,8.330384113628392,Not Significant,NS,0.048035927158960955
221,92979.80714730964,2684328.9278579606,0.22224546234878984,0.050688222705941935,22399.324916396767,0.07763692182832788,0.14113889183583062,0.09169707070476438,22.87128477734531,85.8065268291513,Not Significant,NS,0.09482708150838769
222,92979.80714730964,2687328.9278579606,0.31074058499739693,0.0,19400.491113247837,0.13712821388744206,0.18279593527618687,0.10864444096899316,103.98470151480447,157.45505762340795,Not Significant,NS,0.10750268490463641
223,92979.80714730964,2690328.9278579606,0.4087311233953978,0.3577930189213148,16402.08383590645,0.18342937179369337,0.3433233788194155,0.12042160210394204,146.20089192781157,247.5100476192196,Not Significant,NS,0.26800555439441787
224,92979.80714730964,2693328.9278579606,0.5199685354124676,0.0,13404.389314138822,0.21615943734584586,0.30321615517540296,0.12647037287920368,12.994557215599421,65.9455910071904,Not Significant,NS,0.14313198328795956
225,92979.80714730964,2696328.9278579606,0.6491753314135573,0.0,10408.023424737972,0.2942847623475938,0.38344461817629744,0.13220408179221216,64.26207391692171,175.726682678521,Not Significant,NS,0.18416618430867995
226,92979.80714730964,2699328.9278579606,0.790012252799977,0.09689686372779988,7414.597112101889,0.4917024614019822,0.5210437228076764,0.1678147983313706,678.3715730888016,491.70657680929844,Not Significant,HH,0.29117298265593083
227,92979.80714730964,2702328.9278579606,0.9174624716868566,0.49737871913084,4430.073256695088,0.7865716618823372,0.758216838212336,0.22288827917137122,2233.4335602342594,2335.447578941931,Hot Spot (99%),HH,0.6894614213790923
228,92979.80714730964,2705328.9278579606,0.9959130502295931,0.11670808757879468,1508.2598531355145,1.0,0.7313164908537033,0.25210786546139324,5533.168625952846,3388.8974871990513,Hot Spot (99%),HH,0.7068135134668426
229,92979.80714730964,2708328.9278579606,1.0,0.1824492348396638,1710.0135992078272,0.9464972635898073,0.7414509389569223,0.18738444058369197,5061.818890860773,3388.8974871990513,Hot Spot (99%),HH,0.7274911932260197
230,92979.80714730964,2711328.9278579606,0.9309124839130306,0.5097290347034513,4644.722298950826,0.6720347251053909,0.7455646845053693,0.138142447808459,1623.8418629207479,1655.290180371545,Hot Spot (99%),HH,0.6090212337044874
231,92979.80714730964,2714328.9278579606,0.8136563501811361,0.30182182378216466,7630.382949712707,0.402152158102159,0.5735316826349758,0.11522095102902065,189.38626942158876,199.13578836417796,Not Significant,NS,0.32735746109284763
232,92979.80714730964,2717328.9278579606,0.6790054571578271,0.012699820945240683,7859.205682477368,0.2711525108442832,0.3973633612761061,0.11690383434303854,169.0791064600679,161.87643010290364,Not Significant,NS,0.19683862373252248
233,92979.80714730964,2720328.9278579606,0.5471878867273401,0.0,7596.460216718151,0.2404371969112574,0.3216813827459215,0.12273996010659817,280.20099473038294,222.9018658941268,Not Significant,NS,0.18276645309105555
234,92979.80714730964,2723328.9278579606,0.4251111140768956,0.0,8464.354770972128,0.22123871647397556,0.25680330033324295,0.12021751374389295,570.2450254977643,314.01088465969406,Not Significant,NS,0.17526604138280028
235,92979.80714730964,2726328.9278579606,0.31389730639479346,0.0,10177.641944653764,0.1709113013187285,0.19113091346114244,0.1043663355843541,675.4749162480038,423.29913373498607,Not Significant,NS,0.16729911265473155
236,92979.80714730964,2729328.9278579606,0.21601162693132467,0.0,12390.459612874442,0.101554122731239,0.12831663801191012,0.08497748276834095,341.0135619459633,111.32608216225432,Not Significant,NS,0.1088749623253201
237,92979.80714730964,2732328.9278579606,0.13605164784212648,0.0,14881.618973853943,0.04451865327309806,0.07692955457568285,0.06997773558726211,32.099277949194715,19.844036512434137,Not Significant,NS,0.07845715128722505
238,92914.16021622153,2735048.8806584394,0.0817047206438396,0.0,17309.3452418239,0.015750396932398655,0.04400243970839953,0.05983032228626722,38.756442384027075,19.663637313948655,Not Significant,NS,0.06348469961174108
240,95987.33994495752,2681367.127081307,0.14165287056032597,0.0,25469.42006521591,0.039807129411891275,0.07878786116254125,0.072823146612009,6.94588857953891,11.555516871218837,Not Significant,NS,0.04763249933400537
241,95979.80714730964,2684328.9278579606,0.21172214869995243,0.0,22522.04682810687,0.09038670712371051,0.12393841577471831,0.08600778603704101,115.28798729877934,126.78998598739332,Not Significant,NS,0.08064338445395891
242,95979.80714730964,2687328.9278579606,0.29153318113625837,0.08774813592394896,19542.054448095627,0.14768345443272646,0.20038530335053964,0.10003994509169764,276.22922600906435,205.34140144533555,Not Significant,NS,0.14210740514585007
243,95979.80714730964,2690328.9278579606,0.3788716254519485,0.24740662967015048,16569.284558399904,0.17825505786602616,0.2958058023974398,0.1132417953033981,343.07045894875995,307.7964478420062,Not Significant,NS,0.23153923317268962
244,95979.80714730964,2693328.9278579606,0.4790422514246889,0.04405797798758591,13608.4712404489,0.1852550160125484,0.28916570890303683,0.11717367189959936,216.10535296097603,135.2728618588955,Not Significant,NS,0.1599090275421031
245,95979.80714730964,2696328.9278579606,0.5983299745929218,0.18722726163103662,10669.573010529528,0.23613537870166426,0.3999093056116398,0.12141874843280244,102.8389842139653,110.77544298853273,Not Significant,NS,0.2332708826780428
246,95979.80714730964,2699328.9278579606,0.7314322237488463,0.05161273023673964,7777.473044113717,0.4088005459564447,0.46222925959208344,0.14971572194408406,358.03463459501097,321.4787476327676,Not Significant,NS,0.24280138297760756
247,95979.80714730964,2702328.9278579606,0.853950181771729,0.33613212144281934,5013.819469906234,0.6827260524479799,0.6596006698204314,0.20222945823497585,1535.0210001741493,1310.3806573827126,Not Significant,HH,0.4967370965229469
248,95979.80714730964,2705328.9278579606,0.9310102057522601,0.6296757665384048,2790.6422919654487,0.8863833272714702,0.8227689691673759,0.24344685150718118,3612.0427870327735,3081.2872956230913,Hot Spot (99%),HH,0.835693501232964
249,95979.80714730964,2708328.9278579606,0.9383583305225986,0.05027283760145904,2904.6485375345355,0.8471139563051826,0.652971998691436,0.17935036311232994,3864.5773228680087,3011.16868128842,Hot Spot (99%),HH,0.6201993079818328
250,95979.80714730964,2711328.9278579606,0.8781037054899908,0.3894734487576071,5204.448275417564,0.6157634396453986,0.6735320517002125,0.1449511908504305,1354.7984488652553,1085.2819182182957,Hot Spot (95%),HH,0.48825623415160346
251,95979.80714730964,2714328.9278579606,0.7748773451452947,0.33670625117461483,6893.305366761955,0.40724535254310773,0.5651322213885444,0.12538630537211437,250.4686273159857,280.1439176035182,Not Significant,HH,0.34695792158839395
252,95979.80714730964,2717328.9278579606,0.6570913340349084,0.6643825439219243,5045.468535639303,0.3334253686940014,0.5851385643061814,0.12952963032853845,700.7678010904369,737.365865877264,Not Significant,NS,0.5047392555001724
253,95979.80714730964,2720328.9278579606,0.5411984587333696,0.5893447506019437,4625.564463805822,0.3311922066647046,0.5052966104043121,0.13122998842003628,1032.8982697158356,944.3972544874944,Not Significant,HH,0.48952028900266187
254,95979.80714730964,2723328.9278579606,0.4306208543578958,0.16631318285387017,5944.320017758152,0.30396223439783315,0.3236420137791258,0.12831091940170702,1079.4520689701494,359.2773145449424,Not Significant,NS,0.25160668488717475
255,95979.80714730964,2726328.9278579606,0.32494250876596076,0.0,8202.075001986832,0.225106526811135,0.2074925597452074,0.1079882134039693,807.9656520769363,486.8733668840109,Not Significant,NS,0.18443343620139646
256,95979.80714730964,2729328.9278579606,0.22745129459820948,0.18326543154939895,10826.501198582779,0.1282530840270359,0.19176105289206086,0.08510775446497053,390.331372546504,270.1007255526042,Not Significant,NS,0.19989791155705133
257,95979.80714730964,2732328.9278579606,0.1449676965010016,0.40358794261119363,13607.065152618745,0.05453324662399532,0.1987525107610219,0.06956179668164322,180.17546680684316,35.50183989553294,Not Significant,NS,0.22892747736225647
258,95890.78377021648,2734732.8481328585,0.09353105040957246,0.0,15918.58084138034,0.021866599240658233,0.05113884505291788,0.0604798146986,62.2513957996391,27.730048241265965,Not Significant,NS,0.07015133919329551
260,98798.70578082956,2681532.792182648,0.13670970801064056,0.0,25726.733675250784,0.05473629741271995,0.07930211348786427,0.06839637489018273,15.21093435396029,20.19539789015919,Not Significant,NS,0.048040962491289446
261,98979.80714730964,2684328.9278579606,0.19459323325420746,0.0,23038.12991422187,0.11649164901094822,0.12059494642929337,0.07845992811144775,272.3601454463225,288.56676658441944,Not Significant,NS,0.09744874073801923
262,98979.80714730964,2687328.9278579606,0.2617628230755678,0.3647362949193543,20134.664851182897,0.18384653496844588,0.27190733480093776,0.09372562226114838,749.239864975427,717.4659864272736,Not Significant,NS,0.29741921395141346
263,98979.80714730964,2690328.9278579606,0.33151877463938406,0.0,17264.241292172537,0.20738346253920556,0.20723607982753314,0.1057360013003704,1095.5391608138875,785.2345836869418,Not Significant,NS,0.19365510710913333
264,98979.80714730964,2693328.9278579606,0.4091213188234222,0.0,14446.567970256832,0.18326714772091027,0.24121408895589314,0.1079864728707942,788.8787413774266,243.34223322735306,Not Significant,NS,0.14601668955263597
265,98979.80714730964,2696328.9278579606,0.5019948396952078,0.0,11719.753617041015,0.17765628055046107,0.2865286759576961,0.11491719529572847,153.88061707371818,110.70059782998194,Not Significant,NS,0.14917886331782956
266,98979.80714730964,2699328.9278579606,0.6081092954948462,0.13857654756486001,9165.256328605397,0.26460779287992087,0.3965870762715469,0.12208166290249552,137.46758782665586,141.7539618119316,Not Significant,NS,0.22651816230643948
267,98979.80714730964,2702328.9278579606,0.708736460169941,0.300127993402504,6975.042816638234,0.4344904401721684,0.5270552277391825,0.15069675363581128,401.2040108157063,462.5708149372556,Not Significant,HH,0.3485449367747617
268,98979.80714730964,2705328.9278579606,0.7754980854163481,0.1258943150431995,5594.686856190611,0.5683476591133615,0.5374043414446328,0.16686399400192017,848.8507233323714,923.0099140687214,Not Significant,HH,0.35955427277747687
269,98979.80714730964,2708328.9278579606,0.788303192041488,0.7008157651895374,5652.417159386533,0.5534438851811313,0.705162307903383,0.14649065577851442,851.181906311109,913.3921535126113,Hot Spot (95%),HH,0.563368906858847
270,98979.80714730964,2711328.9278579606,0.7484410959702736,0.3940930026586901,7113.305734229527,0.4330250206652541,0.5734735214181794,0.13790038218641418,644.2270591339304,458.4604586490255,Not Significant,NS,0.3858066208763552
271,98979.80714730964,2714328.9278579606,0.674783976590773,0.3376042102925897,5404.377638921141,0.35066466367944027,0.5040260729421712,0.1252689403871882,421.6184401165732,574.1005660779653,Not Significant,NS,0.37131796549600216
272,98979.80714730964,2717328.9278579606,0.5879022248122313,0.35949429633263086,2673.2735604063932,0.3567195500018591,0.46805326014123044,0.133624461430454,1296.632241040549,1398.5440587595285,Not Significant,HH,0.4739571674427213
273,98979.80714730964,2720328.9278579606,0.4979273821770877,0.06048390003980927,1756.5549787766129,0.3731200060003797,0.3408764755678526,0.13589415488276368,2061.863630292091,1616.7152554056747,Not Significant,HH,0.3859479477432479
274,98979.80714730964,2723328.9278579606,0.4055292914530121,0.0,4126.085221873385,0.3259265830245191,0.2679499623314099,0.11690821878071415,1369.9973471003243,1211.9096989184998,Not Significant,HH,0.296371214902999
275,98979.80714730964,2726328.9278579606,0.3108527663527065,0.05834166031971344,6997.404741963907,0.22387466264783742,0.21687775887103183,0.0962866775126024,590.4236169817276,492.30494504202613,Not Significant,NS,0.20747963638376948
276,98979.80714730964,2729328.9278579606,0.2193986040717835,0.7067609286833085,9944.987028023515,0.11906163488276038,0.3355329358096693,0.07935583444181284,192.9537636866113,211.64222459906026,Not Significant,NS,0.3801052685100568
277,98979.80714730964,2732328.9278579606,0.14019996263201862,0.5328414461035855,12916.72794682357,0.048113111003545865,0.23203057766875937,0.06621458024614862,133.63843338750306,24.11602589637712,Not Significant,NS,0.2745942975658524
278,98841.55201515807,2734419.560703684,0.096556773629071,0.27305851508805734,15009.26119725487,0.021779120483208028,0.13068555162828321,0.05922619761011712,35.985900172308774,22.92414991291235,Not Significant,NS,0.16957387833222407
280,100989.85314393922,2682381.6006985423,0.14183757743777453,0.0,25447.596221241565,0.07550863338902246,0.08602051539669175,0.06632556195447199,131.88455373959684,93.4661397531912,Not Significant,NS,0.05912119020820805
281,101860.97204293712,2684454.851351707,0.17290469213203366,0.0,23762.53442786659,0.12272475470764246,0.11099729700754532,0.07157916785818698,326.2410066804127,291.8736000807063,Not Significant,NS,0.09343308615348708
282,101979.80714730964,2687328.9278579606,0.22216006266381624,0.08317876411048912,21140.42490790064,0.1860483823720236,0.17206561553042077,0.08255786073094963,703.8564454908537,617.775486991873,Not Significant,NS,0.1780240190713612
283,101979.80714730964,2690328.9278579606,0.2720437863225658,0.3329315381524432,18427.340123074766,0.2049369830672557,0.27217480003698147,0.0917941859800044,1308.8843993736414,858.8147488784599,Not Significant,NS,0.3099625512413526
284,101979.80714730964,2693328.9278579606,0.323180923689436,0.0,15818.222489786152,0.16605991102780138,0.1948024440502783,0.09758475435735046,1029.0546083785332,559.0246318793047,Not Significant,NS,0.16807052391407706
285,101979.80714730964,2696328.9278579606,0.3831816956379556,0.20141980127386647,13374.059273880603,0.12345054720670244,0.27385501068739615,0.10090771121546972,212.77315037414957,120.65114122698019,Not Significant,NS,0.20011270727208716
286,101979.80714730964,2699328.9278579606,0.4536691103719705,0.33613212144281934,11203.337011184083,0.1363324878580266,0.35018142120256146,0.10310475455521226,88.83085274668495,95.22166521341195,Not Significant,NS,0.2603828042462315
287,101979.80714730964,2702328.9278579606,0.5236792330874771,0.0,9495.475707465237,0.20431727243203796,0.30270307103014615,0.10909363891973396,73.33171094812417,88.30683851069507,Not Significant,NS,0.15683236499249842
288,101979.80714730964,2705328.9278579606,0.5740871914451443,0.12801329696678113,8533.074336718144,0.26537615197863496,0.376710285112545,0.11281814098693672,138.8513550492693,154.2762007137477,Not Significant,NS,0.22195415243934608
289,101979.80714730964,2708328.9278579606,0.5905369410826453,0.2534953054903134,8571.035897769483,0.2670162620053024,0.4211310947097524,0.11713978633620559,192.42395429173183,150.70856896260793,Not Significant,NS,0.26809021954599505
290,101979.80714730964,2711328.9278579606,0.5728415723577037,0.0,8304.085896955514,0.2383194827117563,0.3340846827212031,0.11657364313887246,237.77561118963715,168.60802019101087,Not Significant,NS,0.17734808743199243
291,101979.80714730964,2714328.9278579606,0.5320138544206856,0.0,5375.587079446533,0.24835967486270222,0.31567886218288327,0.110610529462857,509.72049081904197,473.8091313351184,Not Significant,NS,0.21727781122791265
292,101979.80714730964,2717328.9278579606,0.4791114872121328,0.0,2614.580332177525,0.2982933084718588,0.2992144053004382,0.1192008991983226,922.3227675345518,1011.4278178811659,Not Significant,HH,0.28463297395495846
293,101979.80714730964,2720328.9278579606,0.41788577826977125,0.0,1665.870396551475,0.31715259333052337,0.2723734078009903,0.11752242854832862,1730.3552162916835,1360.0849539076592,Not Significant,HH,0.321976119154329
294,101979.80714730964,2723328.9278579606,0.3473378125095246,0.18774909134555204,4088.30258699177,0.26279205118065047,0.27989371943464625,0.10122110233383624,1249.4286839056763,891.7124669624704,Not Significant,HH,0.31525536852904124
295,101979.80714730964,2726328.9278579606,0.2690052873876807,0.3968526747934345,6975.192607197355,0.16687595980721573,0.28131463261731315,0.08438356412291377,238.5453374500544,433.03407863106577,Not Significant,NS,0.31297108321286143
296,101979.80714730964,2729328.9278579606,0.19028947718441147,0.2442931216236761,9929.370864873446,0.08181382757387538,0.18133651370423157,0.07064867543697119,33.00643174818851,46.62397297482949,Not Significant,NS,0.19099783034707102
297,101979.80714730964,2732328.9278579606,0.1212223635622829,0.0,12904.708428976404,0.030884316380054132,0.06678804505715227,0.060938963047033785,28.431471871660307,12.448342329333206,Not Significant,LL,0.08077613303272528
298,101670.49734451165,2734119.2073936504,0.08963157697591533,0.0,14657.779661353437,0.016136344825182072,0.04804305745299408,0.056456814578121677,39.51336031551898,22.969607743632963,Not Significant,NS,0.07244483290738929
301,104130.06112346935,2685258.633676694,0.159984275622483,0.0,23923.331944330916,0.11734518670043492,0.10346117515132848,0.06692800230990117,345.0388729637523,291.9349274379491,Not Significant,NS,0.09114829392931835
302,104914.60993564222,2687396.562749773,0.17650361268478232,0.16883064798281563,22412.656158015227,0.13774614093455267,0.16405976919995285,0.06917330258304837,305.8698791336096,283.78915088696425,Not Significant,NS,0.1574989163907708
303,104979.80714730964,2690328.9278579606,0.20655371827910957,0.4699800308233797,19976.979266861315,0.14810355528841918,0.2672371695472243,0.07682523180425595,576.3969652382898,283.3682783620118,Not Significant,NS,0.2755805666683818
304,104979.80714730964,2693328.9278579606,0.2346745557468768,0.3374718177708065,17599.11927777928,0.11572975441304258,0.23694653744560037,0.08240438743830412,398.1862953895805,291.24806423949724,Not Significant,NS,0.23807573679613325
305,104979.80714730964,2696328.9278579606,0.26572073340515817,0.2857257176526858,15439.504463498743,0.07306372646347246,0.22914525956759013,0.08487698078533837,79.82746554955473,41.74233613070039,Not Significant,NS,0.19811840179061874
306,104979.80714730964,2699328.9278579606,0.30370313787497394,0.1413742153217039,13602.484949570535,0.057594712627079984,0.2037810697827173,0.0871838212662395,7.5150942510567145,11.919902021898837,Not Significant,NS,0.1524280446109532
307,104979.80714730964,2702328.9278579606,0.34440995608563896,0.0,12234.250918147309,0.07216778870694564,0.1866385357842086,0.08724630370109583,17.186374019198627,18.279977513458515,Not Significant,NS,0.112516486443409
308,104979.80714730964,2705328.9278579606,0.37737098956097903,0.30079442379063803,11503.312316593147,0.0914234841884921,0.2929495944195164,0.087411193277134,23.308480684707497,28.55558129168903,Not Significant,NS,0.22764266118768683
309,104979.80714730964,2708328.9278579606,0.39377149757149504,0.0,11531.500031564798,0.09740600672614703,0.21636695013097693,0.0933933876290158,27.286604700026,29.185100791594273,Not Significant,NS,0.12304106821520178
310,104979.80714730964,2711328.9278579606,0.39228408232279344,0.0,9308.462889685768,0.1053003644737842,0.21720211405615356,0.09453518161872282,15.708705856717767,32.12951611783823,Not Significant,NS,0.1299530621907553
311,104979.80714730964,2714328.9278579606,0.37717178926199607,0.0,6825.435900611343,0.1394977300367423,0.2164854406383465,0.09199427445283248,147.4953555718721,148.70155496769235,Not Significant,NS,0.1506435711922116
312,104979.80714730964,2717328.9278579606,0.35181829921148106,0.12154431189193006,4952.339759957024,0.18569293888086866,0.24779009469915056,0.09592577176094086,402.785805935568,535.2275282348052,Not Significant,NS,0.24397818903765225
313,104979.80714730964,2720328.9278579606,0.31551754549956207,0.4733720868921062,4523.799615671347,0.1975660170444677,0.3325811644770406,0.09348292103199389,538.0347782017553,653.5716268206734,Not Significant,NS,0.38035092825085715
314,104979.80714730964,2723328.9278579606,0.2666539947931011,0.5509665796307804,5865.4801020415425,0.15676399640587274,0.3221686785631063,0.0847777055306478,384.8520305757672,313.95171294928815,Not Significant,NS,0.35607400121271854
315,104979.80714730964,2726328.9278579606,0.20779565519610638,0.08961767357396856,8145.118212287793,0.09294213965512736,0.14810266808497535,0.07398942518558375,6.295468501760054,69.93646089359726,Not Significant,NS,0.14656414615808475
316,104979.80714730964,2729328.9278579606,0.14677299003914646,0.1705393463113959,10783.41525477153,0.041963692702415116,0.13052638440547404,0.06381653435109841,9.676661497122018,13.096480408148235,Not Significant,LL,0.15116369666523072
317,104936.54624556877,2732256.503777675,0.09451832202307679,0.08519550364666464,13490.217499748413,0.015234328694250924,0.07465840148057004,0.05545406475331676,4.5080792035413655,7.778076082311699,Not Significant,LL,0.10481491039378471
322,107270.26910299943,2688135.666654846,0.1426547922690783,0.0,23094.32655485013,0.08885872942159832,0.08909914201885881,0.06307440827463401,196.1709954483354,129.44427743347472,Not Significant,NS,0.07085025457533173
323,107954.47335657584,2690354.7674809434,0.1435123658401972,0.0,21794.86558082521,0.07596887279664434,0.08694995747942746,0.06513688783167067,91.98330877302487,89.3981374053577,Not Significant,NS,0.06931962008125275
324,107979.80714730964,2693328.9278579606,0.1552913641479642,0.0,19678.461219582896,0.05809866604278757,0.08926541528253962,0.0690441820767575,7.847675199749645,12.93356422774162,Not Significant,NS,0.06691346540515125
325,107979.80714730964,2696328.9278579606,0.1669708690435291,0.002823262909327415,17773.326494934012,0.03370226342861763,0.09103289172517842,0.07143827906820467,6.979803697208192,8.438794272703625,Not Significant,LL,0.07307131664223178
326,107979.80714730964,2699328.9278579606,0.1824903583370713,0.0,16203.099500417158,0.020116312296594024,0.09526844162785446,0.07316676161914662,12.614552728887142,8.21120917871197,Not Significant,LL,0.0777603963932436
327,107979.80714730964,2702328.9278579606,0.20174913486466758,0.0,15072.81434057071,0.019548679316888216,0.10478430329571144,0.07268866605325378,7.048844547346903,7.619622694532184,Not Significant,LL,0.08323812552172903
328,107979.80714730964,2705328.9278579606,0.22033421651933402,0.0,14485.821718846653,0.023615584200814495,0.1148902250998299,0.07222483125074801,8.901813180998593,8.058468053414723,Not Significant,LL,0.08742622561755353
329,107979.80714730964,2708328.9278579606,0.2336168333695261,0.0,13431.233237815572,0.027567072448701994,0.12232183117450345,0.0760608306372667,6.7161471187253845,7.2409577342783376,Not Significant,LL,0.09215403054467847
330,107979.80714730964,2711328.9278579606,0.2398799000323198,0.0,11060.611201615342,0.03736967119957315,0.12741388425607453,0.07706995304572918,6.353772708412308,8.27810857118617,Not Significant,NS,0.10029800580461384
331,107979.80714730964,2714328.9278579606,0.23932663660414413,0.0,9070.623684069129,0.05944991072699887,0.13155330044747185,0.07638560109440821,7.506997558359939,12.370829968488486,Not Significant,NS,0.10748184520499289
332,107979.80714730964,2717328.9278579606,0.23104934345870767,0.23264800494948262,7759.852310623757,0.0836781613743036,0.19876066088050978,0.0780191085198803,38.47769804852944,39.05421083759293,Not Significant,NS,0.19721948490470725
333,107979.80714730964,2720328.9278579606,0.21239395791769572,0.28294737969284595,7493.624072996316,0.08863889276350531,0.20480274196223275,0.07614775505627333,52.732870606828364,51.52437792933911,Not Significant,NS,0.21529955494799707
334,107979.80714730964,2723328.9278579606,0.181857504843055,0.19403153830994896,8372.1858323909,0.06816270984673621,0.16002347875677964,0.07105778276916959,21.316318796067932,25.37369821692829,Not Significant,NS,0.17339801718335066
335,107979.80714730964,2726328.9278579606,0.1421722357820158,0.0,10101.118229027119,0.038322633407960965,0.07875064457260009,0.06427964507143331,19.06292523101548,17.408225136041604,Not Significant,LL,0.09229220348459967
336,107979.80714730964,2729328.9278579606,0.10005726281601429,0.0,12327.679560301727,0.016086978040806915,0.053246027016168526,0.057270833593213555,4.142930151830477,9.864500360549792,Not Significant,LL,0.07883056641592963
337,107908.73624129138,2731956.884342729,0.06772336503587058,0.0,14472.524657813508,0.006190644049114045,0.0350998113277581,0.05170060808868326,2.0750613952613626,3.3415742636177455,Not Significant,LL,0.06751194809681861
343,110410.47708252956,2691012.6996329976,0.09961260911821081,0.0,23035.76516093312,0.03264263680885706,0.056334831920876814,0.0582293068670983,35.88318972315962,20.707942839790014,Not Significant,NS,0.050219012825773984
344,110976.78521339607,2693331.967799471,0.09282672937490621,0.23974147122397008,21967.430289450913,0.02059401046831592,0.1190601277146473,0.058664024694514295,9.988328275169962,15.740737355279707,Not Significant,LL,0.13646519526045714
345,110979.80714730964,2696328.9278579606,0.09471628569344563,0.0,20283.095703384362,0.0114442359934647,0.049646990045415756,0.060891846289352736,8.27443673921238,11.360650121802829,Not Significant,LL,0.05536707774608755
346,110979.80714730964,2699328.9278579606,0.09842968914700352,0.0,18922.295580545837,0.0056543682718629105,0.05034571822787434,0.06200063646994592,4.100052018348324,5.292631950170132,Not Significant,LL,0.05871476882468822
347,110979.80714730964,2702328.9278579606,0.10537646050236145,0.0,17963.924091423898,0.004133163642424319,0.05351486297966559,0.061545757030696646,3.4133553483285652,5.0929610459475985,Not Significant,LL,0.06220403834558956
348,110979.80714730964,2705328.9278579606,0.11437027950714518,0.07599639524971008,17474.320229620815,0.00464058036890107,0.07983614748298978,0.06098766971631399,8.981332660899636,6.332185821550397,Not Significant,LL,0.09187246950043292
349,110979.80714730964,2708328.9278579606,0.12334719223757308,0.3562264368567462,15299.923695013758,0.006139801602789433,0.1647257056938741,0.06344953099804422,9.224003324609185,11.021490324261896,Not Significant,LL,0.19938456160568552
350,110979.80714730964,2711328.9278579606,0.13081589192366797,0.041017850776081825,13267.507638510726,0.01034783988717325,0.0792021006835236,0.06413185415333832,6.803385799029139,8.268046927970582,Not Significant,LL,0.09398675123486375
351,110979.80714730964,2714328.9278579606,0.1354445957856916,0.0,11660.43964877129,0.018543010362749083,0.07143089996539562,0.06418024439221016,13.96257746879248,11.136536839105077,Not Significant,LL,0.08531049021701706
352,110979.80714730964,2717328.9278579606,0.1349855288344256,0.1797981225613717,10672.626043637738,0.02685015638742116,0.12425648513817782,0.06495680064620599,15.357794917407482,13.570361141013631,Not Significant,LL,0.152659105888168
353,110979.80714730964,2720328.9278579606,0.1267203809279846,0.0,10480.650768536827,0.028304771559233683,0.06902114477583904,0.06364773691959233,6.196060679169452,13.400872535589132,Not Significant,LL,0.08836807275464256
354,110979.80714730964,2723328.9278579606,0.10957905392248489,0.0,11125.786911348276,0.021314006074332256,0.05905232817610889,0.0604536737818563,14.568462727541775,14.161905580102728,Not Significant,LL,0.08418854151187191
355,110979.80714730964,2726328.9278579606,0.0857670399124851,0.6037234205549933,12478.871273533741,0.01154274777435403,0.21776102375683087,0.05605302480312521,18.28206919908591,17.715803874048607,Not Significant,LL,0.29188414839436494
356,110979.80714730964,2729328.9278579606,0.06007410343968279,0.37997100103789316,14340.896838277677,0.004575780021387086,0.13956352883624185,0.051205243359157264,16.27223680993307,12.016747601679745,Not Significant,LL,0.20291709565551974
357,110880.50677022073,2731641.367069998,0.04296104379887347,0.29365985956236573,15949.123700117276,0.0019303204194514078,0.10580663724394494,0.04766998066522062,13.164866772380797,11.203005515319761,Not Significant,LL,0.16534199559312887
364,113541.88514412717,2693885.873702034,0.05459427832669283,0.4345927871988153,23748.02703879813,0.0058576487464683455,0.15269314034475293,0.05223433264137071,6.598936654186811,9.622751877769652,Not Significant,LL,0.19451979469127745
365,113979.80714730964,2696328.9278579606,0.04827764019119682,0.0,22911.06300305106,0.002780011153180609,0.02469482232623453,0.05257124361466753,6.363315871341685,6.24824150738195,Not Significant,LL,0.04117804182067304
366,113979.80714730964,2699328.9278579606,0.04762135463122368,0.0,21715.57290643446,0.001223347178378583,0.024055346751287558,0.053324317027042,13.257882828802092,8.499172006020455,Not Significant,LL,0.044709295125648606
367,113979.80714730964,2702328.9278579606,0.04912367283146044,0.0,20885.77040426246,0.0006860238029202733,0.024699041176314277,0.052984493941341394,12.684049664129805,6.619287460543907,Not Significant,LL,0.04701844125237735
368,113979.80714730964,2705328.9278579606,0.05283207805065847,0.0,19540.680898914143,0.0006990448318610148,0.026555847991701437,0.0525991769011592,5.964695679515588,5.727866181742649,Not Significant,LL,0.05121368903739934
369,113979.80714730964,2708328.9278579606,0.05797456724536096,0.19679411294817822,17486.48918044686,0.0010691562590351567,0.08545295655715959,0.0540961650936698,3.830333151146088,5.602449571504705,Not Significant,LL,0.1276458072202643
370,113979.80714730964,2711328.9278579606,0.06354176397659826,0.03889549463733085,15739.008790981157,0.00215147358545856,0.04331910687987989,0.05453989545088917,3.6182124244873703,6.106405842165345,Not Significant,LL,0.07733000605719278
371,113979.80714730964,2714328.9278579606,0.06816100394098941,0.3015080806662004,14410.25647194661,0.004138601915841352,0.12109161760668867,0.05487330983170964,11.072311751390808,9.262252747107118,Not Significant,LL,0.17547538855692507
372,113979.80714730964,2717328.9278579606,0.06987148119473383,0.0,13623.310370536825,0.00607832386506981,0.036151405370380876,0.05528946275687391,5.528356747834888,3.9318099501772297,Not Significant,LL,0.0702673503267688
373,113979.80714730964,2720328.9278579606,0.06673609420556403,0.17182762775753008,13473.443484004867,0.006383229735007913,0.0837600876544532,0.0543805410939249,5.918225824046067,5.7410111137580975,Not Significant,LL,0.13159794342181186
374,113979.80714730964,2723328.9278579606,0.05812960282688067,0.0,13981.157791162013,0.004742776213489694,0.030013356656138274,0.05227035196397438,2.017021300834537,3.2340959046790485,Not Significant,LL,0.06766893430274853
375,113979.80714730964,2726328.9278579606,0.045489220832030934,0.0,15080.181267016233,0.0025057081530431144,0.02324575204662409,0.0493001670118642,2.7753925745967374,6.378104874412409,Not Significant,LL,0.06324998313295765
376,113971.15331478901,2729321.866799959,0.03179148115268,0.023630650429592233,16642.704207287883,0.0009607876447363229,0.022842508733167302,0.04590590160465179,7.3778391532000125,7.397516922403937,Not Significant,LL,0.06555557995228999
377,113755.69380846737,2731334.911249581,0.024533190839244906,0.3208986715609121,17742.81723451613,0.0004788044557274642,0.10408837899711537,0.04384478300777486,7.968447949240866,7.778715474102987,Not Significant,LL,0.16717327816024324
385,116632.05199999353,2696746.2802045736,0.02400182903990386,0.0,25134.889495308442,0.0005330955018855261,0.012107533620329035,0.046829384020097474,1.3532783404894202,2.9503408849112835,Not Significant,LL,0.031365340959416156
386,116979.80714730964,2699328.9278579606,0.02063135850058938,0.0,24557.665672286446,0.0001959560023506257,0.010354870450764816,0.046554244871458886,2.630072243527321,2.936558353236048,Not Significant,LL,0.03258945801382077
387,116979.80714730964,2702328.9278579606,0.020446813281888954,0.0,23782.109976054115,8.853875380636853e-05,0.01024111439170575,0.046471549184301596,6.148411903668117,3.992734450764251,Not Significant,LL,0.03490579971337557
388,116969.74890673932,2705320.87067105,0.02179668203214639,0.0,21712.337138776576,8.112849143764398e-05,0.010914566714360724,0.04668511114793994,6.373477794517527,4.86378773083467,Not Significant,LL,0.041095179274219816
389,116826.53372169756,2708294.1702373186,0.02539361096870554,0.3518957287960785,19779.444793013205,0.00015739675968861762,0.11331453982379655,0.04729639359941772,10.208537519968985,8.95433775842573,Not Significant,LL,0.17258696749092703
390,116639.94852595475,2711288.557531324,0.030318575295953217,0.12532021327127568,18083.22971416164,0.0004057751864258796,0.05106210772882354,0.04800931587600401,4.0928670128394895,6.704412463364743,Not Significant,LL,0.09727828229336977
391,116453.49803437133,2714280.7830438362,0.0353054674733864,0.35614611588105805,16757.361706025404,0.0009177050341910677,0.11963746496366458,0.048826855146229385,16.19588141272746,12.12115400959776,Not Significant,LL,0.18436067134903533
392,116267.27863248257,2717269.299944619,0.038898332914350096,0.0,15893.877675114221,0.001537155315317339,0.019756597520238516,0.049530742639660695,9.99926580541715,8.120907016439736,Not Significant,LL,0.06027906703397867
393,116081.5074644591,2720250.6234247996,0.03955315539647049,0.33484659827370733,15567.803868358664,0.0018287254308522883,0.11585523589900634,0.049273491057833935,8.653265171782728,11.276779592533114,Not Significant,LL,0.18065737969805523
394,115896.7978023741,2723214.911470406,0.036479842888040036,0.11534070191164665,15806.620228702483,0.0015412453203249234,0.05151728125181308,0.04808026310961304,12.54713805761818,10.011188490004152,Not Significant,LL,0.10144142627603714
395,115715.81972691523,2726119.3136524246,0.03032116352003019,0.0,16562.059522208125,0.0009389011545088041,0.015348361990916857,0.046158585258003836,12.814663187372645,6.187714663744546,Not Significant,LL,0.05706725702642073
406,118882.39276178218,2699242.0673049283,0.011473926121165613,0.0,26402.708119813513,5.33842680691394e-05,0.005747639914196634,0.04301368504212488,5.687784069707705,4.544593739682824,Not Significant,LL,0.02637955094898061
407,118711.56950113218,2702114.975574597,0.01170053925459868,0.0,25158.548655683593,2.5208072464356743e-05,0.0058553112417922114,0.04350783546761226,3.0514690172644903,2.9361975401459293,Not Significant,LL,0.02977616828006469
